{"cameraMode":{"drawMode":0,"name":"Shaded","section":"Shading Mode"},"sceneLighting":true,"audioPlay":false,"sceneViewState":{"showFog":true,"showMaterialUpdate":false,"showSkybox":true,"showFlares":true,"showImageEffects":true,"showParticleSystems":true},"in2DMode":false,"pivot":{"x":3.284484386444092,"y":-5.9503984451293949,"z":32.93878936767578},"rotation":{"x":0.7131818532943726,"y":-0.018916992470622064,"z":0.019260592758655549,"w":0.7004590034484863},"size":18.152179718017579,"orthographic":true}