{"cameraMode":{"drawMode":0,"name":"Shaded","section":"Shading Mode"},"sceneLighting":false,"audioPlay":false,"sceneViewState":{"showFog":true,"showMaterialUpdate":false,"showSkybox":false,"showFlares":true,"showImageEffects":true,"showParticleSystems":true},"in2DMode":false,"pivot":{"x":-0.10000000894069672,"y":-3.4600000381469728,"z":-2.049999952316284},"rotation":{"x":0.031184948980808259,"y":0.005095064174383879,"z":0.00015880361024755985,"w":-0.9995006322860718},"size":3.047018051147461,"orthographic":false}